{ 
  "tag":[
   "AD","AF","AM","AO","AR","AT","AZ",
   "BB","BE","BG","BJ","BO","BS","BV","BW","BY",
   "CU",
   "DE","DZ",
   "EH",
   "FR",
   "SE"
   ],
  "flag":[
  {"name":"AD",
   "rgb":
   [[0,0,255],
    [255,255,0],
    [255,0,0]],
   "val":
   [[0,0,100,200,0],
    [100,0,100,200,0],
    [200,0,100,200,0]]
  },
  {"name": "AF",
   "rgb":
   [[0,0,0],
    [255,0,0],
    [0,200,0]],
   "val":
   [[0,0,100,200,0],
    [100,0,100,200,0],
    [200,0,100,200,0]]
  },
  {"name": "AM",
   "rgb":
   [[255,0,0],
    [0,0,255],
    [255,200,0]],
   "val":
   [[0,0,300,67,0],
    [0,67,300,66,0],
    [0,133,300,67,0]]
  },
  {"name": "AO",
   "rgb":
   [[255,0,0],
    [0,0,0]],
   "val":
   [[0,0,300,100,0],
    [0,100,300,100,0]]
  },
  {"name": "AR",
   "rgb":
   [[100,100,255],
    [255,255,255],
    [100,100,255]],
   "val":
   [[0,0,300,67,0],
    [0,67,300,66,0],
    [0,133,300,67,0]]
  },
  {"name": "AT",
   "rgb":
   [[255,0,0],
    [255,255,255],
    [255,0,0]],
   "val":
   [[0,0,300,67,0],
    [0,67,300,66,0],
    [0,133,300,67,0]]
  },
  {"name": "AZ",
   "rgb":
   [[0,0,255],
    [255,0,0],
    [0,200,0]],
   "val":
   [[0,0,300,67,0],
    [0,67,300,66,0],
    [0,133,300,67,0]]
  },
  
  {"name": "BB",
   "rgb":
   [[0,0,200],
    [255,255,0],
    [0,0,200]],
   "val":
   [[0,0,100,200,0],
    [100,0,100,200,0],
    [200,0,100,200,0]]
  },
  {"name": "BE",
   "rgb":
   [[0,0,0],
    [255,255,0],
    [255,0,0]],
   "val":
   [[0,0,100,200,0],
    [100,0,100,200,0],
    [200,0,100,200,0]]
  },
  {"name": "BG",
   "rgb":
   [[255,255,255],
    [0,200,0],
    [200,0,0]],
   "val":
   [[0,0,300,67,0],
    [0,67,300,66,0],
    [0,133,300,67,0]]
  },
  {"name":"BJ",
   "rgb":
   [[0,200,0],
    [240,240,0],
    [255,0,0]],
   "val":
   [[0,0,100,200,0],
    [100,0,200,100,0],
    [100,100,200,100,0]]
  },
  {"name": "BO",
   "rgb":
   [[255,0,0],
    [255,255,0],
    [0,255,0]],
   "val":
   [[0,0,300,67,0],
    [0,67,300,66,0],
    [0,133,300,67,0]]
  },
  {"name": "BS",
   "rgb":
   [[0,255,255],
    [255,200,0],
    [0,255,255],
    [0,0,0]],
   "val":
   [[0,0,300,67,0],
    [0,67,300,66,0],
    [0,133,300,67,0],
    [0,0,141,141,45]]
  },
  {"name":"BV",
   "rgb":
   [[255,0,0],
    [255,255,255],
    [255,255,255],
    [0,0,200],
    [0,0,200]],
   "val":
   [[0,0,300,200,0],
    [0,75,300,50,0],
    [70,0,50,200,0],
    [80,0,30,200,0],
    [0,85,300,30,0]]
  },
  {"name":"BW",
  "rgb":
  [[0,255,255],
  [255,255,255],
  [0,0,0]],
  "val":
  [[0,0,300,200,0],
  [0,75,300,50,0],
  [0,85,300,30,0]]
  },
  {"name": "BY",
   "rgb":
   [[255,255,255],
   [255,0,0],
   [0,200,0]],
   "val":
   [[0,0,50,200,0],
   [50,0,250,130,0],
   [50,130,250,70,0]]
  },
  
  {"Name": "CU",
   "rgb":
   [[0,255,255],
   [255,255,255],
   [255,255,255],
   [255,0,0]],
   "val":
   [[0,0,300,200,0],
   [0,40,300,40,0],
   [0,120,300,40,0],
   [0,0,141,141,45]]
  },
  
  {"name": "DE",
   "rgb":
   [[0,0,0],
   [255,0,0],
   [255,255,0]],
   "val":
   [[0,0,300,67,0],
   [0,67,300,66,0],
   [0,133,300,67,0]]
  },
  {"name": "DZ",
   "rgb":
   [[0,200,0],
    [255,255,255]],
   "val":
   [[0,0,150,200,0],
    [150,0,150,200,0]]
  },
  
  {"name": "EH",
   "rgb":
   [[0,0,0],
    [255,255,255],
    [0,200,0],
    [255,0,0]],
   "val":
   [[0,0,300,67,0],
    [0,67,300,66,0],
    [0,133,300,67,0],
    [0,0,141,141,45]]
  },
  
  {"name": "FR",
   "rgb": 
   [[0,0,255],
   [255,255,255],
   [255,0,0]],
   "val":
   [[0,0,100,200,0],
   [100,0,100,200,0],
   [200,0,100,200,0]]
  },
  
  {"name": "SE",
   "rgb":
   [[0,0,255],
    [255,255,0],
    [255,255,0]],
   "val":
   [[0,0,300,200,0],
    [0,85,300,30,0],
    [70,0,30,200,0]]
  }
  ]
}